01.2024, error, file not found
01.2024, , succeed opening
01.2024, error, file is empty
02.2024, , succeed opening
02.2024, , succeed opening
02.2024, error, file is empty
03.2024, error, file not found
03.2024, , succeed opening
03.2024, error, file not found
04.2024, error, file is empty
04.2024, error, file is empty
04.2024, error, file is empty
05.2024, error, file not found
05.2024, error, file is empty
05.2024, , succeed opening
06.2024, error, file not found
06.2024, error, file is empty
06.2024, , succeed opening
07.2024, error, file not found
07.2024, error, file is empty
08.2024, error, file not found
09.2024, , succeed opening
09.2024, error, file not found
09.2024, error, file is empty
09.2024, error, file not found
09.2024, , succeed opening
10.2024, error, file is empty
10.2024, , succeed opening
11.2024, , succeed opening